kanji,is_onyomi,reading,okurigana
愛,1,あい,
愛,0,いと,しい
愛,0,かな,しい
愛,0,め,でる
愛,0,お,しむ
愛,0,まな,
悪,1,あく,
悪,1,お,
悪,0,わる,い
悪,0,わる,
悪,0,あ,し
悪,0,にく,い
悪,0,にく,い
悪,0,ああ,
悪,0,いずくに,
悪,0,いずくんぞ,
悪,0,にく,む
圧,1,あつ,
圧,1,えん,
圧,1,おう,
圧,0,お,す
圧,0,へ,す
圧,0,おさ,える
圧,0,お,さえる
安,1,あん,
安,0,やす,い
安,0,やす,まる
安,0,やす,
安,0,やす,らか
暗,1,あん,
暗,0,くら,い
暗,0,くら,む
暗,0,くれ,る
案,1,あん,
案,0,つくえ,
以,1,い,
以,0,もっ,て
位,1,い,
位,0,くらい,
位,0,ぐらい,
囲,1,い,
囲,0,かこ,む
囲,0,かこ,う
囲,0,かこ,い
委,1,い,
委,0,ゆだ,ねる
意,1,い,
易,1,えき,
易,1,い,
易,0,やさ,しい
易,0,やす,い
異,1,い,
異,0,こと,
異,0,こと,なる
異,0,け,
移,1,い,
移,0,うつ,る
移,0,うつ,す
胃,1,い,
衣,1,い,
衣,1,え,
衣,0,ころも,
衣,0,きぬ,
衣,0,ぎ,
遺,1,い,
遺,1,ゆい,
遺,0,のこ,す
医,1,い,
医,0,い,やす
医,0,い,する
医,0,くすし,
井,1,せい,
井,1,しょう,
井,0,い,
域,1,いき,
育,1,いく,
育,0,そだ,つ
育,0,そだ,ち
育,0,そだ,てる
育,0,はぐく,む
一,1,いち,
一,1,いつ,
一,0,ひと,
一,0,ひと,つ
茨,1,し,
茨,1,じ,
茨,0,いばら,
茨,0,かや,
茨,0,くさぶき,
印,1,いん,
印,0,しるし,
印,0,じるし,
印,0,しる,す
員,1,いん,
因,1,いん,
因,0,よ,る
因,0,ちな,む
引,1,いん,
引,0,ひ,く
引,0,ひ,ける
飲,1,いん,
飲,1,おん,
飲,0,の,む
飲,0,の,み
院,1,いん,
右,1,う,
右,1,ゆう,
右,0,みぎ,
宇,1,う,
羽,1,う,
羽,0,は,
羽,0,わ,
羽,0,はね,
雨,1,う,
雨,0,あめ,
雨,0,あま,
雨,0,さめ,
運,1,うん,
運,0,はこ,ぶ
雲,1,うん,
雲,0,くも,
雲,0,ぐも,
営,1,えい,
営,0,いとな,む
営,0,いとな,み
映,1,えい,
映,0,うつ,る
映,0,うつ,す
映,0,は,える
映,0,ば,え
栄,1,えい,
栄,1,よう,
栄,0,さか,える
栄,0,は,え
栄,0,ば,え
栄,0,は,える
栄,0,え,
永,1,えい,
永,0,なが,い
泳,1,えい,
泳,0,およ,ぐ
英,1,えい,
英,0,はなぶさ,
衛,1,えい,
衛,1,え,
液,1,えき,
益,1,えき,
益,1,やく,
益,0,ま,す
駅,1,えき,
円,1,えん,
円,0,まる,い
円,0,まる,
円,0,まど,
円,0,まど,か
円,0,まろ,やか
園,1,えん,
園,0,その,
延,1,えん,
延,0,の,びる
延,0,の,べる
延,0,の,べ
延,0,の,ばす
沿,1,えん,
沿,0,そ,う
沿,0,ぞ,い
演,1,えん,
遠,1,えん,
遠,1,おん,
遠,0,とお,い
塩,1,えん,
塩,0,しお,
央,1,おう,
往,1,おう,
往,0,い,く
往,0,いにしえ,
往,0,さき,に
往,0,ゆ,く
応,1,おう,
応,1,よう,
応,0,あた,る
応,0,まさに,
応,0,こた,える
横,1,おう,
横,0,よこ,
王,1,おう,
黄,1,こう,
黄,1,おう,
黄,0,き,
黄,0,こ,
岡,1,こう,
岡,0,おか,
沖,1,ちゅう,
沖,0,おき,
沖,0,おきつ,
沖,0,ちゅう,する
沖,0,わく,
億,1,おく,
屋,1,おく,
屋,0,や,
恩,1,おん,
温,1,おん,
温,0,あたた,か
温,0,あたた,かい
温,0,あたた,まる
温,0,あたた,める
温,0,ぬく,
音,1,おん,
音,1,いん,
音,0,おと,
音,0,ね,
下,1,か,
下,1,げ,
下,0,した,
下,0,しも,
下,0,もと,
下,0,さ,げる
下,0,さ,がる
下,0,くだ,る
下,0,くだ,り
下,0,くだ,す
下,0,くだ,す
下,0,くだ,さる
下,0,お,ろす
下,0,お,りる
化,1,か,
化,1,け,
化,0,ば,ける
化,0,ば,かす
化,0,ふ,ける
化,0,け,する
仮,1,か,
仮,1,け,
仮,0,かり,
仮,0,かり,
何,1,か,
何,0,なに,
何,0,なん,
何,0,なに,
何,0,なん,
価,1,か,
価,1,け,
価,0,あたい,
加,1,か,
加,0,くわ,える
加,0,くわ,わる
可,1,か,
可,1,こく,
可,0,べ,き
可,0,べ,し
夏,1,か,
夏,1,が,
夏,1,げ,
夏,0,なつ,
家,1,か,
家,1,け,
家,0,いえ,
家,0,や,
家,0,うち,
科,1,か,
果,1,か,
果,0,は,たす
果,0,はた,す
果,0,は,たす
果,0,は,てる
果,0,は,てる
果,0,は,て
歌,1,か,
歌,0,うた,
歌,0,うた,う
河,1,か,
河,0,かわ,
火,1,か,
火,0,ひ,
火,0,び,
火,0,ほ,
花,1,か,
花,1,け,
花,0,はな,
荷,1,か,
荷,0,に,
課,1,か,
貨,1,か,
貨,0,たから,
過,1,か,
過,0,す,ぎる
過,0,す,ごす
過,0,あやま,ち
過,0,あやま,つ
過,0,よぎ,る
過,0,よ,ぎる
我,1,が,
我,0,われ,
我,0,わ,
我,0,わ,が
我,0,わが,
画,1,が,
画,1,かく,
画,1,え,
画,1,かい,
画,0,えが,く
画,0,かく,する
画,0,かぎ,る
画,0,はかりごと,
画,0,はか,る
芽,1,が,
芽,0,め,
賀,1,が,
会,1,かい,
会,1,え,
会,0,あ,う
会,0,あ,わせる
会,0,あつ,まる
解,1,かい,
解,1,げ,
解,0,と,く
解,0,と,かす
解,0,と,ける
解,0,ほど,く
解,0,ほぐ,す
解,0,わか,る
解,0,さと,る
回,1,かい,
回,1,え,
回,0,まわ,る
回,0,まわ,る
回,0,まわ,り
回,0,まわ,す
回,0,まわ,す
回,0,まわ,し
回,0,まわ,し
回,0,もとお,る
回,0,か,える
快,1,かい,
快,0,こころよ,い
改,1,かい,
改,0,あらた,める
改,0,あらた,まる
械,1,かい,
械,0,かせ,
海,1,かい,
海,0,うみ,
灰,1,かい,
灰,0,はい,
界,1,かい,
絵,1,かい,
絵,1,え,
開,1,かい,
開,0,ひら,く
開,0,ひら,き
開,0,びら,き
開,0,ひら,ける
開,0,あ,く
開,0,あ,ける
階,1,かい,
階,0,きざはし,
貝,1,ばい,
貝,0,かい,
外,1,がい,
外,1,げ,
外,0,そと,
外,0,ほか,
外,0,はず,す
外,0,はず,れる
外,0,と,
害,1,がい,
街,1,がい,
街,1,かい,
街,0,まち,
各,1,かく,
各,0,おのおの,
拡,1,かく,
拡,1,こう,
拡,0,ひろ,がる
拡,0,ひろ,げる
拡,0,ひろ,める
格,1,かく,
格,1,こう,
格,1,きゃく,
格,1,ごう,
確,1,かく,
確,1,こう,
確,0,たし,か
確,0,たし,かめる
覚,1,かく,
覚,0,おぼ,える
覚,0,さ,ます
覚,0,さ,める
覚,0,さと,る
角,1,かく,
角,0,かど,
角,0,つの,
閣,1,かく,
革,1,かく,
革,0,かわ,
学,1,がく,
学,0,まな,ぶ
楽,1,がく,
楽,1,らく,
楽,1,ごう,
楽,0,たの,しい
楽,0,たの,しむ
楽,0,この,む
額,1,がく,
額,0,ひたい,
潟,1,せき,
潟,0,かた,
潟,0,がた,
割,1,かつ,
割,0,わ,る
割,0,わり,
割,0,わ,り
割,0,わ,れる
割,0,さ,く
活,1,かつ,
活,0,い,きる
活,0,い,かす
活,0,い,ける
株,1,しゅ,
株,0,かぶ,
寒,1,かん,
寒,0,さむ,い
刊,1,かん,
巻,1,かん,
巻,1,けん,
巻,0,ま,く
巻,0,まき,
巻,0,ま,き
完,1,かん,
官,1,かん,
干,1,かん,
干,0,ほ,す
干,0,ほ,し
干,0,ぼ,し
干,0,ひ,る
幹,1,かん,
幹,0,みき,
感,1,かん,
慣,1,かん,
慣,0,な,れる
慣,0,な,らす
漢,1,かん,
看,1,かん,
看,0,み,る
管,1,かん,
管,0,くだ,
簡,1,かん,
簡,1,けん,
簡,0,えら,ぶ
簡,0,ふだ,
観,1,かん,
観,0,み,る
観,0,しめ,す
間,1,かん,
間,1,けん,
間,0,あいだ,
間,0,ま,
間,0,あい,
関,1,かん,
関,0,せき,
関,0,ぜき,
関,0,かか,わる
関,0,からくり,
関,0,かんぬき,
館,1,かん,
館,0,やかた,
館,0,たて,
丸,1,がん,
丸,0,まる,
丸,0,まる,める
丸,0,まる,い
岸,1,がん,
岸,0,きし,
眼,1,がん,
眼,1,げん,
眼,0,まなこ,
眼,0,め,
岩,1,がん,
岩,0,いわ,
顔,1,がん,
顔,0,かお,
願,1,がん,
願,0,ねが,う
願,0,ねがい,
危,1,き,
危,0,あぶ,ない
危,0,あや,うい
危,0,あや,ぶむ
喜,1,き,
喜,0,よろこ,ぶ
喜,0,よろこ,ばす
器,1,き,
器,0,うつわ,
基,1,き,
基,0,もと,
基,0,もとい,
寄,1,き,
寄,0,よ,る
寄,0,よ,り
寄,0,よ,せる
岐,1,き,
岐,1,ぎ,
希,1,き,
希,1,け,
希,0,まれ,
希,0,こいねが,う
揮,1,き,
揮,0,ふる,う
机,1,き,
机,0,つくえ,
旗,1,き,
旗,0,はた,
期,1,き,
期,1,ご,
機,1,き,
機,0,はた,
帰,1,き,
帰,0,かえ,る
帰,0,かえ,す
帰,0,おく,る
帰,0,とつ,ぐ
気,1,き,
気,1,け,
気,0,いき,
気,0,き,
汽,1,き,
季,1,き,
紀,1,き,
規,1,き,
記,1,き,
記,0,しる,す
貴,1,き,
貴,0,たっと,い
貴,0,とうと,い
貴,0,たっと,ぶ
貴,0,とうと,ぶ
起,1,き,
起,0,お,きる
起,0,お,こる
起,0,お,こす
起,0,おこ,す
起,0,た,つ
技,1,ぎ,
技,0,わざ,
疑,1,ぎ,
疑,0,うたが,う
義,1,ぎ,
議,1,ぎ,
客,1,きゃく,
客,1,かく,
逆,1,ぎゃく,
逆,1,げき,
逆,0,さか,
逆,0,さか,さ
逆,0,さか,らう
久,1,きゅう,
久,1,く,
久,0,ひさ,しい
休,1,きゅう,
休,0,やす,む
休,0,やす,まる
休,0,やす,める
吸,1,きゅう,
吸,0,す,う
宮,1,きゅう,
宮,1,ぐう,
宮,1,く,
宮,1,くう,
宮,0,みや,
弓,1,きゅう,
弓,0,ゆみ,
急,1,きゅう,
急,0,いそ,ぐ
急,0,いそ,ぎ
急,0,せ,く
救,1,きゅう,
救,0,すく,う
求,1,きゅう,
求,1,ぐ,
求,0,もと,める
泣,1,きゅう,
泣,0,な,く
球,1,きゅう,
球,0,たま,
究,1,きゅう,
究,1,く,
究,0,きわ,める
級,1,きゅう,
給,1,きゅう,
給,0,たま,う
給,0,たも,う
給,0,たま,え
旧,1,きゅう,
旧,0,ふる,い
旧,0,もと,
牛,1,ぎゅう,
牛,0,うし,
去,1,きょ,
去,1,こ,
去,0,さ,る
去,0,さ,る
居,1,きょ,
居,1,こ,
居,0,い,る
居,0,い,
居,0,お,る
挙,1,きょ,
挙,0,あ,げる
挙,0,あ,がる
挙,0,こぞ,る
許,1,きょ,
許,0,ゆる,す
許,0,もと,
漁,1,ぎょ,
漁,1,りょう,
漁,0,あさ,る
魚,1,ぎょ,
魚,0,うお,
魚,0,さかな,
魚,0,ざかな,
京,1,きょう,
京,1,けい,
京,1,きん,
京,0,みやこ,
供,1,きょう,
供,1,く,
供,1,くう,
供,1,ぐ,
供,0,そな,える
供,0,とも,
供,0,ども,
競,1,きょう,
競,1,けい,
競,0,きそ,う
競,0,せ,る
競,0,くら,べる
共,1,きょう,
共,0,とも,
共,0,とも,に
共,0,ども,
協,1,きょう,
境,1,きょう,
境,1,けい,
境,0,さかい,
強,1,きょう,
強,1,ごう,
強,0,つよ,い
強,0,つよ,まる
強,0,つよ,める
強,0,し,いる
強,0,こわ,い
教,1,きょう,
教,0,おし,える
教,0,おそ,わる
橋,1,きょう,
橋,0,はし,
胸,1,きょう,
胸,0,むね,
胸,0,むな,
興,1,こう,
興,1,きょう,
興,0,おこ,る
興,0,おこ,す
郷,1,きょう,
郷,1,ごう,
郷,0,さと,
鏡,1,きょう,
鏡,1,けい,
鏡,0,かがみ,
業,1,ぎょう,
業,1,ごう,
業,0,わざ,
局,1,きょく,
局,0,つぼね,
曲,1,きょく,
曲,0,ま,がる
曲,0,ま,げる
曲,0,くま,
極,1,きょく,
極,1,ごく,
極,0,きわ,める
極,0,きわ,まる
極,0,きわ,まり
極,0,きわ,み
極,0,き,める
極,0,ぎ,め
極,0,き,まる
玉,1,ぎょく,
玉,0,たま,
玉,0,たま,
玉,0,だま,
勤,1,きん,
勤,1,ごん,
勤,0,つと,める
勤,0,づと,め
勤,0,つと,まる
勤,0,いそ,しむ
均,1,きん,
均,0,なら,す
禁,1,きん,
筋,1,きん,
筋,0,すじ,
近,1,きん,
近,1,こん,
近,0,ちか,い
金,1,きん,
金,1,こん,
金,1,ごん,
金,0,かね,
金,0,かな,
金,0,がね,
銀,1,ぎん,
銀,0,しろがね,
九,1,きゅう,
九,1,く,
九,0,ここの,
九,0,ここの,つ
句,1,く,
区,1,く,
区,1,おう,
区,1,こう,
苦,1,く,
苦,0,くる,しい
苦,0,ぐる,しい
苦,0,くる,しむ
苦,0,くる,しめる
苦,0,にが,い
苦,0,にが,る
具,1,ぐ,
具,0,そな,える
具,0,つぶさ,に
空,1,くう,
空,0,そら,
空,0,あ,く
空,0,あ,き
空,0,あ,ける
空,0,から,
空,0,す,く
空,0,す,かす
空,0,むな,しい
熊,1,ゆう,
熊,0,くま,
君,1,くん,
君,0,きみ,
君,0,ぎみ,
訓,1,くん,
訓,1,きん,
訓,0,おし,える
訓,0,よ,む
訓,0,くん,ずる
群,1,ぐん,
群,0,む,れる
群,0,む,れ
群,0,むら,
群,0,むら,がる
軍,1,ぐん,
軍,0,いくさ,
郡,1,ぐん,
郡,0,こおり,
係,1,けい,
係,0,かか,る
係,0,かかり,
係,0,がかり,
係,0,かか,わる
兄,1,けい,
兄,1,きょう,
兄,0,あに,
型,1,けい,
型,0,かた,
型,0,がた,
形,1,けい,
形,1,ぎょう,
形,0,かた,
形,0,がた,
形,0,かたち,
形,0,なり,
径,1,けい,
径,0,みち,
径,0,こみち,
径,0,さしわたし,
径,0,ただちに,
敬,1,けい,
敬,1,きょう,
敬,0,うやま,う
景,1,けい,
系,1,けい,
経,1,けい,
経,1,きょう,
経,1,きん,
経,0,へ,る
経,0,た,つ
経,0,たていと,
経,0,はか,る
経,0,のり,
計,1,けい,
計,0,はか,る
計,0,はか,らう
警,1,けい,
警,0,いまし,める
軽,1,けい,
軽,1,きょう,
軽,1,きん,
軽,0,かる,い
軽,0,かろ,やか
軽,0,かろ,んじる
芸,1,げい,
芸,1,うん,
芸,0,う,える
芸,0,のり,
芸,0,わざ,
劇,1,げき,
激,1,げき,
激,0,はげ,しい
欠,1,けつ,
欠,1,けん,
欠,0,か,ける
欠,0,か,く
決,1,けつ,
決,0,き,める
決,0,ぎ,め
決,0,き,まる
決,0,さ,く
潔,1,けつ,
潔,0,いさぎよ,い
穴,1,けつ,
穴,0,あな,
結,1,けつ,
結,1,けち,
結,0,むす,ぶ
結,0,ゆ,う
結,0,ゆ,わえる
血,1,けつ,
血,0,ち,
月,1,げつ,
月,1,がつ,
月,0,つき,
件,1,けん,
件,0,くだん,
健,1,けん,
健,0,すこ,やか
券,1,けん,
建,1,けん,
建,1,こん,
建,0,た,てる
建,0,た,て
建,0,だ,て
建,0,た,つ
憲,1,けん,
検,1,けん,
検,0,しら,べる
権,1,けん,
権,1,ごん,
権,0,おもり,
権,0,かり,
権,0,はか,る
犬,1,けん,
犬,0,いぬ,
犬,0,いぬ,
研,1,けん,
研,0,と,ぐ
絹,1,けん,
絹,0,きぬ,
県,1,けん,
県,0,か,ける
見,1,けん,
見,0,み,る
見,0,み,える
見,0,み,せる
険,1,けん,
険,0,けわ,しい
験,1,けん,
験,1,げん,
験,0,あかし,
験,0,しるし,
験,0,ため,す
験,0,ためし,
元,1,げん,
元,1,がん,
元,0,もと,
原,1,げん,
原,0,はら,
厳,1,げん,
厳,1,ごん,
厳,0,おごそ,か
厳,0,きび,しい
厳,0,いか,めしい
厳,0,いつくし,
減,1,げん,
減,0,へ,る
減,0,へ,らす
源,1,げん,
源,0,みなもと,
現,1,げん,
現,0,あらわ,れる
現,0,あらわ,す
現,0,うつつ,
現,0,うつ,つ
言,1,げん,
言,1,ごん,
言,0,い,う
言,0,こと,
限,1,げん,
限,0,かぎ,る
限,0,かぎ,り
限,0,かぎ,り
個,1,こ,
個,1,か,
古,1,こ,
古,0,ふる,い
古,0,ふる,
古,0,ふる,す
呼,1,こ,
呼,0,よ,ぶ
固,1,こ,
固,0,かた,める
固,0,かた,まる
固,0,かた,まり
固,0,かた,い
己,1,こ,
己,1,き,
己,0,おのれ,
己,0,つちのと,
己,0,な,
庫,1,こ,
庫,1,く,
庫,0,くら,
戸,1,こ,
戸,0,と,
故,1,こ,
故,0,ゆえ,
故,0,ふる,い
故,0,もと,
湖,1,こ,
湖,0,みずうみ,
五,1,ご,
五,0,いつ,
五,0,いつ,つ
午,1,ご,
午,0,うま,
後,1,ご,
後,1,こう,
後,0,のち,
後,0,うし,ろ
後,0,うしろ,
後,0,あと,
後,0,おく,れる
語,1,ご,
語,0,かた,る
語,0,かた,らう
誤,1,ご,
誤,0,あやま,る
誤,0,あやま,る
護,1,ご,
護,0,まも,る
交,1,こう,
交,0,まじ,わる
交,0,まじ,える
交,0,ま,じる
交,0,まじ,る
交,0,ま,ざる
交,0,ま,ぜる
交,0,か,う
交,0,か,わす
交,0,かわ,す
交,0,こもごも,
候,1,こう,
候,0,そうろう,
光,1,こう,
光,0,ひか,る
光,0,ひかり,
公,1,こう,
公,1,く,
公,0,おおやけ,
功,1,こう,
功,1,く,
功,0,いさお,
効,1,こう,
効,0,き,く
効,0,ききめ,
効,0,なら,う
厚,1,こう,
厚,0,あつ,い
厚,0,あか,
口,1,こう,
口,1,く,
口,0,くち,
向,1,こう,
向,0,む,く
向,0,む,い
向,0,む,き
向,0,む,ける
向,0,む,け
向,0,む,かう
向,0,む,かい
向,0,む,こう
向,0,む,こう
向,0,むこ,
向,0,むか,い
后,1,こう,
后,1,ご,
后,0,きさき,
好,1,こう,
好,0,この,む
好,0,す,く
好,0,よ,い
好,0,い,い
孝,1,こう,
孝,1,きょう,
工,1,こう,
工,1,く,
工,1,ぐ,
幸,1,こう,
幸,0,さいわ,い
幸,0,さち,
幸,0,しあわ,せ
広,1,こう,
広,0,ひろ,い
広,0,ひろ,まる
広,0,ひろ,める
広,0,ひろ,がる
広,0,ひろ,げる
康,1,こう,
校,1,こう,
校,1,きょう,
構,1,こう,
構,0,かま,える
構,0,かま,う
港,1,こう,
港,0,みなと,
皇,1,こう,
皇,1,おう,
紅,1,こう,
紅,1,く,
紅,0,べに,
紅,0,くれない,
紅,0,あか,い
耕,1,こう,
耕,0,たがや,す
考,1,こう,
考,0,かんが,える
考,0,かんが,え
航,1,こう,
行,1,こう,
行,1,ぎょう,
行,1,あん,
行,0,い,く
行,0,ゆ,く
行,0,ゆ,き
行,0,ゆき,
行,0,い,き
行,0,いき,
行,0,おこな,う
行,0,おこ,なう
講,1,こう,
鉱,1,こう,
鉱,0,あらがね,
鋼,1,こう,
鋼,0,はがね,
降,1,こう,
降,1,ご,
降,0,お,りる
降,0,お,ろす
降,0,ふ,る
降,0,ふ,り
降,0,くだ,る
降,0,くだ,す
香,1,こう,
香,1,きょう,
香,0,か,
香,0,かお,り
香,0,かお,る
高,1,こう,
高,0,たか,い
高,0,たか,
高,0,だか,
高,0,たか,まる
高,0,たか,める
号,1,ごう,
号,0,さけ,ぶ
号,0,よびな,
合,1,ごう,
合,1,がっ,
合,1,かっ,
合,0,あ,う
合,0,あ,う
合,0,あ,い
合,0,あい,
合,0,あ,い
合,0,あい,
合,0,あ,わす
合,0,あ,わせる
合,0,あ,わせる
刻,1,こく,
刻,0,きざ,む
刻,0,きざ,み
告,1,こく,
告,0,つ,げる
国,1,こく,
国,0,くに,
穀,1,こく,
黒,1,こく,
黒,0,くろ,
黒,0,くろ,ずむ
黒,0,くろ,い
骨,1,こつ,
骨,0,ほね,
今,1,こん,
今,1,きん,
今,0,いま,
困,1,こん,
困,0,こま,る
根,1,こん,
根,0,ね,
根,0,ね,
混,1,こん,
混,0,ま,じる
混,0,ま,じり
混,0,ま,ざる
混,0,ま,ぜる
混,0,こ,む
佐,1,さ,
左,1,さ,
左,1,しゃ,
左,0,ひだり,
差,1,さ,
差,0,さ,す
差,0,さ,し
査,1,さ,
砂,1,さ,
砂,1,しゃ,
砂,0,すな,
座,1,ざ,
座,0,すわ,る
再,1,さい,
再,1,さ,
再,0,ふたた,び
最,1,さい,
最,1,しゅ,
最,0,もっと,も
最,0,つま,
妻,1,さい,
妻,0,つま,
才,1,さい,
採,1,さい,
採,0,と,る
済,1,さい,
済,1,せい,
済,0,す,む
済,0,ず,み
済,0,ずみ,
済,0,す,まない
済,0,す,ます
済,0,す,ます
済,0,すく,う
済,0,な,す
済,0,わたし,
済,0,わた,る
災,1,さい,
災,0,わざわ,い
祭,1,さい,
祭,0,まつ,る
祭,0,まつ,り
祭,0,まつり,
細,1,さい,
細,0,ほそ,い
細,0,ほそ,る
細,0,こま,か
細,0,こま,かい
菜,1,さい,
菜,0,な,
裁,1,さい,
裁,0,た,つ
裁,0,さば,く
際,1,さい,
際,0,きわ,
際,0,ぎわ,
在,1,ざい,
在,0,あ,る
材,1,ざい,
罪,1,ざい,
罪,0,つみ,
財,1,ざい,
財,1,さい,
財,1,ぞく,
財,0,たから,
坂,1,はん,
坂,0,さか,
阪,1,はん,
阪,0,さか,
崎,1,き,
崎,0,さき,
崎,0,さい,
崎,0,みさき,
埼,1,き,
埼,0,さき,
埼,0,さい,
埼,0,みさき,
作,1,さく,
作,1,さ,
作,0,つく,る
作,0,つく,り
作,0,づく,り
昨,1,さく,
策,1,さく,
桜,1,おう,
桜,1,よう,
桜,0,さくら,
冊,1,さつ,
冊,1,さく,
冊,0,ふみ,
刷,1,さつ,
刷,0,す,る
刷,0,ず,り
刷,0,ずり,
刷,0,は,く
察,1,さつ,
札,1,さつ,
札,0,ふだ,
殺,1,さつ,
殺,1,さい,
殺,1,せつ,
殺,0,ころ,す
殺,0,ごろ,し
殺,0,そ,ぐ
殺,0,あや,める
雑,1,ざつ,
雑,1,ぞう,
雑,0,まじ,える
雑,0,まじ,る
皿,1,べい,
皿,0,さら,
三,1,さん,
三,1,ぞう,
三,0,み,
三,0,み,つ
三,0,みっ,つ
参,1,さん,
参,1,しん,
参,0,まい,る
参,0,まい,
参,0,まじわる,
参,0,みつ,
山,1,さん,
山,1,せん,
山,0,やま,
散,1,さん,
散,0,ち,る
散,0,ち,らす
散,0,ち,らす
散,0,ち,らかす
散,0,ち,らかる
散,0,ち,らばる
散,0,ばら,
散,0,ばら,ける
産,1,さん,
産,0,う,む
産,0,う,まれる
産,0,うぶ,
産,0,む,す
算,1,さん,
算,0,そろ,
蚕,1,さん,
蚕,1,てん,
蚕,0,かいこ,
蚕,0,こ,
賛,1,さん,
賛,0,たす,ける
賛,0,たた,える
酸,1,さん,
酸,0,す,い
残,1,ざん,
残,1,さん,
残,0,のこ,る
残,0,のこ,す
残,0,そこな,う
残,0,のこ,り
仕,1,し,
仕,1,じ,
仕,0,つか,える
使,1,し,
使,0,つか,う
使,0,つか,い
使,0,つか,い
使,0,づか,い
司,1,し,
司,0,つかさど,る
史,1,し,
四,1,し,
四,0,よ,
四,0,よ,つ
四,0,よっ,つ
四,0,よん,
士,1,し,
士,0,さむらい,
始,1,し,
始,0,はじ,める
始,0,はじ,める
始,0,はじ,まる
姉,1,し,
姉,0,あね,
姉,0,はは,
姿,1,し,
姿,0,すがた,
子,1,し,
子,1,す,
子,1,つ,
子,0,こ,
子,0,こ,
子,0,ね,
市,1,し,
市,0,いち,
師,1,し,
師,0,いくさ,
志,1,し,
志,0,こころざ,す
志,0,こころざし,
思,1,し,
思,0,おも,う
思,0,おもえら,く
思,0,おぼ,す
指,1,し,
指,0,ゆび,
指,0,さ,す
指,0,さ,し
支,1,し,
支,0,ささ,える
支,0,つか,える
支,0,か,う
枝,1,し,
枝,0,えだ,
止,1,し,
止,0,と,まる
止,0,ど,まり
止,0,と,める
止,0,と,める
止,0,ど,め
止,0,とど,める
止,0,とど,め
止,0,とど,まる
止,0,や,める
止,0,や,む
止,0,や,む
止,0,よ,す
止,0,さ,す
止,0,さ,し
死,1,し,
死,0,し,ぬ
死,0,し,に
氏,1,し,
氏,0,うじ,
氏,0,うじ,
私,1,し,
私,0,わたくし,
私,0,わたし,
糸,1,し,
糸,0,いと,
紙,1,し,
紙,0,かみ,
至,1,し,
至,0,いた,る
視,1,し,
視,0,み,る
詞,1,し,
詞,0,ことば,
詩,1,し,
詩,0,うた,
試,1,し,
試,0,こころ,みる
試,0,ため,す
誌,1,し,
資,1,し,
飼,1,し,
飼,0,か,う
歯,1,し,
歯,0,よわい,
歯,0,は,
歯,0,よわ,い
歯,0,よわい,する
事,1,じ,
事,1,ず,
事,0,こと,
事,0,つか,う
事,0,つか,える
似,1,じ,
似,0,に,る
似,0,ひ,る
児,1,じ,
児,1,に,
児,1,げい,
児,0,こ,
児,0,こ,
児,0,っこ,
字,1,じ,
字,0,あざ,
字,0,あざな,
字,0,な,
寺,1,じ,
寺,0,てら,
持,1,じ,
持,0,も,つ
持,0,も,ち
持,0,も,てる
時,1,じ,
時,0,とき,
時,0,どき,
次,1,じ,
次,1,し,
次,0,つ,ぐ
次,0,つぎ,
滋,1,じ,
滋,1,し,
治,1,じ,
治,1,ち,
治,0,おさ,める
治,0,おさ,まる
治,0,なお,る
治,0,なお,す
磁,1,じ,
示,1,じ,
示,1,し,
示,0,しめ,す
耳,1,じ,
耳,0,みみ,
自,1,じ,
自,1,し,
自,0,みずか,ら
自,0,おの,ずから
自,0,おの,ずと
辞,1,じ,
辞,0,や,める
辞,0,いな,む
鹿,1,ろく,
鹿,0,しか,
鹿,0,か,
式,1,しき,
識,1,しき,
識,0,し,る
識,0,しる,す
七,1,しち,
七,0,なな,
七,0,なな,つ
七,0,なの,
失,1,しつ,
失,0,うしな,う
失,0,う,せる
室,1,しつ,
室,0,むろ,
質,1,しつ,
質,1,しち,
質,1,ち,
質,0,たち,
質,0,ただ,す
質,0,もと,
質,0,わりふ,
実,1,じつ,
実,1,しつ,
実,0,み,
実,0,みの,る
実,0,まこと,
実,0,みの,
実,0,みち,る
舎,1,しゃ,
舎,1,せき,
舎,0,やど,る
写,1,しゃ,
写,1,じゃ,
写,0,うつ,す
写,0,うつ,る
写,0,うつ,
写,0,うつ,し
射,1,しゃ,
射,0,い,る
射,0,さ,す
射,0,う,つ
捨,1,しゃ,
捨,0,す,てる
社,1,しゃ,
社,0,やしろ,
者,1,しゃ,
者,0,もの,
謝,1,しゃ,
謝,0,あやま,る
車,1,しゃ,
車,0,くるま,
借,1,しゃく,
借,0,か,りる
尺,1,しゃく,
尺,1,せき,
尺,0,さし,
若,1,じゃく,
若,1,にゃく,
若,1,にゃ,
若,0,わか,い
若,0,わか,
若,0,も,しくわ
若,0,も,し
若,0,も,しくは
若,0,ごと,し
弱,1,じゃく,
弱,0,よわ,い
弱,0,よわ,る
弱,0,よわ,まる
弱,0,よわ,める
主,1,しゅ,
主,1,す,
主,1,しゅう,
主,0,ぬし,
主,0,おも,
主,0,あるじ,
取,1,しゅ,
取,0,と,る
取,0,と,り
取,0,と,り
取,0,とり,
取,0,ど,り
守,1,しゅ,
守,1,す,
守,0,まも,る
守,0,まも,り
守,0,もり,
守,0,もり,
守,0,かみ,
手,1,しゅ,
手,1,ず,
手,0,て,
手,0,て,
手,0,て,
手,0,た,
種,1,しゅ,
種,0,たね,
種,0,ぐさ,
酒,1,しゅ,
酒,0,さけ,
酒,0,さか,
首,1,しゅ,
首,0,くび,
受,1,じゅ,
受,0,う,ける
受,0,う,け
受,0,う,かる
授,1,じゅ,
授,0,さず,ける
授,0,さず,かる
樹,1,じゅ,
樹,0,き,
収,1,しゅう,
収,0,おさ,める
収,0,おさ,まる
周,1,しゅう,
周,0,まわ,り
宗,1,しゅう,
宗,1,そう,
宗,0,むね,
就,1,しゅう,
就,1,じゅ,
就,0,つ,く
就,0,つ,ける
州,1,しゅう,
州,1,す,
州,0,す,
修,1,しゅう,
修,1,しゅ,
修,0,おさ,める
修,0,おさ,まる
拾,1,しゅう,
拾,1,じゅう,
拾,0,ひろ,う
秋,1,しゅう,
秋,0,あき,
秋,0,とき,
終,1,しゅう,
終,0,お,わる
終,0,お,わる
終,0,おわ,る
終,0,お,える
終,0,つい,
終,0,つい,に
習,1,しゅう,
習,1,じゅ,
習,0,なら,う
習,0,なら,い
衆,1,しゅう,
衆,1,しゅ,
衆,0,おお,い
週,1,しゅう,
集,1,しゅう,
集,0,あつ,まる
集,0,あつ,める
集,0,つど,う
住,1,じゅう,
住,1,ぢゅう,
住,1,ちゅう,
住,0,す,む
住,0,す,まう
住,0,ず,まい
十,1,じゅう,
十,1,じっ,
十,1,じゅっ,
十,0,とお,
十,0,と,
十,0,そ,
従,1,じゅう,
従,1,しょう,
従,1,じゅ,
従,0,したが,う
従,0,したが,える
従,0,より,
縦,1,じゅう,
縦,0,たて,
重,1,じゅう,
重,1,ちょう,
重,0,え,
重,0,おも,い
重,0,おも,り
重,0,おも,なう
重,0,かさ,ねる
重,0,かさ,なる
重,0,おも,
宿,1,しゅく,
宿,0,やど,
宿,0,やど,る
宿,0,やど,す
祝,1,しゅく,
祝,1,しゅう,
祝,0,いわ,う
縮,1,しゅく,
縮,0,ちぢ,む
縮,0,ちぢ,まる
縮,0,ちぢ,める
縮,0,ちぢ,れる
縮,0,ちぢ,らす
熟,1,じゅく,
熟,0,う,れる
出,1,しゅつ,
出,1,すい,
出,0,で,る
出,0,で,
出,0,だ,す
出,0,だ,す
出,0,い,でる
出,0,い,だす
術,1,じゅつ,
術,0,すべ,
述,1,じゅつ,
述,0,の,べる
春,1,しゅん,
春,0,はる,
準,1,じゅん,
準,0,じゅん,じる
準,0,じゅん,ずる
準,0,なぞら,える
準,0,のり,
準,0,ひと,しい
準,0,みずもり,
純,1,じゅん,
順,1,じゅん,
処,1,しょ,
処,0,ところ,
処,0,こ,
処,0,お,る
初,1,しょ,
初,0,はじ,め
初,0,はじ,めて
初,0,はつ,
初,0,はつ,
初,0,うい,
初,0,そ,める
初,0,ぞ,め
所,1,しょ,
所,0,ところ,
所,0,ところ,
所,0,どころ,
所,0,とこ,
暑,1,しょ,
暑,0,あつ,い
署,1,しょ,
書,1,しょ,
書,0,か,く
書,0,が,き
書,0,がき,
諸,1,しょ,
諸,0,もろ,
助,1,じょ,
助,0,たす,ける
助,0,たす,かる
助,0,す,ける
助,0,すけ,
女,1,じょ,
女,1,にょ,
女,1,にょう,
女,0,おんな,
女,0,め,
序,1,じょ,
序,0,つい,で
序,0,ついで,
除,1,じょ,
除,1,じ,
除,0,のぞ,く
除,0,よ,け
傷,1,しょう,
傷,0,きず,
傷,0,いた,む
傷,0,いた,める
勝,1,しょう,
勝,0,か,つ
勝,0,が,ち
勝,0,まさ,る
勝,0,すぐ,れる
勝,0,かつ,
商,1,しょう,
商,0,あきな,う
唱,1,しょう,
唱,0,とな,える
将,1,しょう,
将,1,そう,
将,0,まさ,に
将,0,はた,
将,0,まさ,
将,0,ひきい,る
将,0,もって,
小,1,しょう,
小,0,ちい,さい
小,0,こ,
小,0,お,
小,0,さ,
少,1,しょう,
少,0,すく,ない
少,0,すこ,し
承,1,しょう,
承,1,じょう,
承,0,うけたまわ,る
承,0,う,ける
招,1,しょう,
招,0,まね,く
昭,1,しょう,
松,1,しょう,
松,0,まつ,
消,1,しょう,
消,0,き,える
消,0,け,す
焼,1,しょう,
焼,0,や,く
焼,0,や,き
焼,0,や,き
焼,0,や,き
焼,0,や,ける
照,1,しょう,
照,0,て,る
照,0,て,らす
照,0,て,れる
省,1,せい,
省,1,しょう,
省,0,かえり,みる
省,0,はぶ,く
章,1,しょう,
笑,1,しょう,
笑,0,わら,う
笑,0,え,む
証,1,しょう,
証,0,あかし,
象,1,しょう,
象,1,ぞう,
象,0,かたど,る
賞,1,しょう,
賞,0,ほ,める
障,1,しょう,
障,0,さわ,る
上,1,じょう,
上,1,しょう,
上,1,しゃん,
上,0,うえ,
上,0,うえ,
上,0,うわ,
上,0,かみ,
上,0,あ,げる
上,0,あ,げる
上,0,あ,がる
上,0,あ,がる
上,0,あ,がり
上,0,あ,がり
上,0,のぼ,る
上,0,のぼ,り
上,0,のぼ,せる
上,0,のぼ,す
上,0,たてまつ,る
乗,1,じょう,
乗,1,しょう,
乗,0,の,る
乗,0,の,り
乗,0,の,せる
城,1,じょう,
城,1,せい,
城,0,しろ,
場,1,じょう,
場,1,ちょう,
場,0,ば,
常,1,じょう,
常,0,つね,
常,0,とこ,
情,1,じょう,
情,1,せい,
情,0,なさ,け
条,1,じょう,
条,1,ちょう,
条,1,でき,
条,0,えだ,
条,0,すじ,
状,1,じょう,
蒸,1,じょう,
蒸,1,せい,
蒸,0,む,す
蒸,0,む,れる
蒸,0,む,らす
植,1,しょく,
植,0,う,える
植,0,う,わる
織,1,しょく,
織,1,しき,
織,0,お,る
織,0,お,り
織,0,おり,
織,0,おり,
織,0,お,り
職,1,しょく,
職,1,そく,
色,1,しょく,
色,1,しき,
色,0,いろ,
食,1,しょく,
食,1,じき,
食,0,く,う
食,0,く,らう
食,0,た,べる
食,0,は,む
信,1,しん,
心,1,しん,
心,0,こころ,
心,0,ごころ,
新,1,しん,
新,0,あたら,しい
新,0,あら,た
新,0,あら,
新,0,にい,
森,1,しん,
森,0,もり,
深,1,しん,
深,0,ふか,い
深,0,ぶか,い
深,0,ふか,まる
深,0,ふか,める
深,0,み,
申,1,しん,
申,0,もう,す
申,0,もう,し
申,0,さる,
真,1,しん,
真,0,ま,
真,0,ま,
真,0,まこと,
神,1,しん,
神,1,じん,
神,0,かみ,
神,0,かん,
神,0,こう,
臣,1,しん,
臣,1,じん,
親,1,しん,
親,0,おや,
親,0,おや,
親,0,した,しい
親,0,した,しむ
身,1,しん,
身,0,み,
進,1,しん,
進,0,すす,む
進,0,すす,める
針,1,しん,
針,0,はり,
人,1,じん,
人,1,にん,
人,0,ひと,
人,0,り,
人,0,と,
仁,1,じん,
仁,1,に,
仁,1,にん,
図,1,ず,
図,1,と,
図,0,え,
図,0,はか,る
垂,1,すい,
垂,0,た,れる
垂,0,た,らす
垂,0,た,れ
垂,0,た,れ
垂,0,なんなんと,す
推,1,すい,
推,0,お,す
水,1,すい,
水,0,みず,
水,0,みず,
数,1,すう,
数,1,す,
数,1,さく,
数,1,そく,
数,1,しゅ,
数,0,かず,
数,0,かぞ,える
数,0,しばしば,
数,0,せ,める
数,0,わずらわ,しい
寸,1,すん,
世,1,せい,
世,1,せ,
世,1,そう,
世,0,よ,
制,1,せい,
勢,1,せい,
勢,1,ぜい,
勢,0,いきお,い
勢,0,はずみ,
性,1,せい,
性,1,しょう,
性,0,さが,
成,1,せい,
成,1,じょう,
成,0,な,る
成,0,な,す
成,0,な,す
政,1,せい,
政,1,しょう,
政,0,まつりごと,
政,0,まん,
整,1,せい,
整,0,ととの,える
整,0,ととの,う
星,1,せい,
星,1,しょう,
星,0,ほし,
星,0,ぼし,
晴,1,せい,
晴,0,は,れる
晴,0,は,れ
晴,0,は,れ
晴,0,ば,れ
晴,0,は,らす
正,1,せい,
正,1,しょう,
正,0,ただ,しい
正,0,ただ,す
正,0,まさ,
正,0,まさ,に
清,1,せい,
清,1,しょう,
清,1,しん,
清,0,きよ,い
清,0,きよ,まる
清,0,きよ,める
生,1,せい,
生,1,しょう,
生,0,い,きる
生,0,い,かす
生,0,い,ける
生,0,う,まれる
生,0,うま,れる
生,0,う,まれ
生,0,うまれ,
生,0,う,む
生,0,お,う
生,0,は,える
生,0,は,やす
生,0,き,
生,0,なま,
生,0,なま,
生,0,な,る
生,0,な,す
生,0,む,す
生,0,う,
盛,1,せい,
盛,1,じょう,
盛,0,も,る
盛,0,さか,る
盛,0,さか,ん
精,1,せい,
精,1,しょう,
精,0,しら,げる
精,0,くわ,しい
聖,1,せい,
聖,1,しょう,
聖,0,ひじり,
声,1,せい,
声,1,しょう,
声,0,こえ,
声,0,こわ,
製,1,せい,
西,1,せい,
西,1,さい,
西,1,す,
西,0,にし,
誠,1,せい,
誠,0,まこと,
青,1,せい,
青,1,しょう,
青,0,あお,
青,0,あお,
青,0,あお,い
静,1,せい,
静,1,じょう,
静,0,しず,
静,0,しず,か
静,0,しず,まる
静,0,しず,める
税,1,ぜい,
席,1,せき,
席,0,むしろ,
昔,1,せき,
昔,1,しゃく,
昔,0,むかし,
石,1,せき,
石,1,しゃく,
石,1,こく,
石,0,いし,
積,1,せき,
積,0,つ,む
積,0,づ,み
積,0,つ,もる
積,0,つ,もり
績,1,せき,
責,1,せき,
責,0,せ,める
赤,1,せき,
赤,1,しゃく,
赤,0,あか,
赤,0,あか,
赤,0,あか,い
赤,0,あか,らむ
赤,0,あか,らめる
切,1,せつ,
切,1,さい,
切,0,き,る
切,0,き,る
切,0,き,り
切,0,き,り
切,0,ぎ,り
切,0,き,れる
切,0,き,れる
切,0,き,れ
切,0,き,れ
切,0,ぎ,れ
接,1,せつ,
接,1,しょう,
接,0,つ,ぐ
折,1,せつ,
折,1,しゃく,
折,0,お,る
折,0,おり,
折,0,お,り
折,0,お,り
折,0,お,れる
設,1,せつ,
設,0,もう,ける
節,1,せつ,
節,1,せち,
節,0,ふし,
節,0,ぶし,
節,0,のっと,
説,1,せつ,
説,1,ぜい,
説,0,と,く
雪,1,せつ,
雪,0,ゆき,
絶,1,ぜつ,
絶,0,た,える
絶,0,た,やす
絶,0,た,つ
舌,1,ぜつ,
舌,0,した,
先,1,せん,
先,0,さき,
先,0,ま,ず
千,1,せん,
千,0,ち,
宣,1,せん,
宣,0,のたま,う
専,1,せん,
専,0,もっぱ,ら
川,1,せん,
川,0,かわ,
戦,1,せん,
戦,0,いくさ,
戦,0,たたか,う
戦,0,おのの,く
戦,0,そよ,ぐ
戦,0,わなな,く
泉,1,せん,
泉,0,いずみ,
浅,1,せん,
浅,0,あさ,い
洗,1,せん,
洗,0,あら,う
染,1,せん,
染,0,そ,める
染,0,そ,まる
染,0,し,みる
染,0,し,み
線,1,せん,
線,0,すじ,
船,1,せん,
船,0,ふね,
船,0,ふな,
選,1,せん,
選,0,えら,ぶ
選,0,え,る
選,0,よ,る
銭,1,せん,
銭,1,ぜん,
銭,0,ぜに,
銭,0,すき,
前,1,ぜん,
前,0,まえ,
前,0,まえ,
善,1,ぜん,
善,0,よ,い
善,0,い,い
善,0,よ,く
善,0,よし,とする
然,1,ぜん,
然,1,ねん,
然,0,しか,
然,0,しか,り
然,0,しか,し
然,0,さ,
全,1,ぜん,
全,0,まった,く
全,0,すべ,て
祖,1,そ,
素,1,そ,
素,1,す,
素,0,もと,
組,1,そ,
組,0,く,む
組,0,くみ,
組,0,ぐみ,
創,1,そう,
創,1,しょう,
創,0,つく,る
創,0,はじ,める
創,0,きず,
創,0,けず,しける
倉,1,そう,
倉,0,くら,
奏,1,そう,
奏,0,かな,でる
層,1,そう,
想,1,そう,
想,1,そ,
想,0,おも,う
操,1,そう,
操,1,さん,
操,0,みさお,
操,0,あやつ,る
早,1,そう,
早,1,さっ,
早,0,はや,い
早,0,はや,
早,0,はや,
早,0,はや,まる
早,0,はや,める
早,0,さ,
巣,1,そう,
巣,0,す,
巣,0,す,くう
争,1,そう,
争,0,あらそ,う
争,0,いか,でか
相,1,そう,
相,1,しょう,
相,0,あい,
窓,1,そう,
窓,1,す,
窓,0,まど,
窓,0,てんまど,
窓,0,けむだし,
総,1,そう,
総,0,す,べて
総,0,すべ,て
総,0,ふさ,
草,1,そう,
草,0,くさ,
草,0,くさ,
草,0,ぐさ,
装,1,そう,
装,1,しょう,
装,0,よそお,う
装,0,よそお,い
走,1,そう,
走,0,はし,る
送,1,そう,
送,0,おく,る
像,1,ぞう,
増,1,ぞう,
増,0,ま,す
増,0,ま,し
増,0,ふ,える
増,0,ふ,やす
臓,1,ぞう,
臓,0,はらわた,
蔵,1,ぞう,
蔵,1,そう,
蔵,0,くら,
蔵,0,おさ,める
蔵,0,かく,れる
造,1,ぞう,
造,0,つく,る
造,0,つく,り
造,0,づく,り
側,1,そく,
側,0,かわ,
側,0,がわ,
側,0,そば,
則,1,そく,
則,0,のっと,る
則,0,のり,
則,0,すなわち,
息,1,そく,
息,0,いき,
束,1,そく,
束,0,たば,
束,0,たば,ねる
束,0,つか,
束,0,つか,ねる
測,1,そく,
測,0,はか,る
足,1,そく,
足,0,あし,
足,0,た,りる
足,0,た,る
足,0,た,す
速,1,そく,
速,0,はや,い
速,0,はや,
速,0,はや,める
速,0,すみ,やか
属,1,ぞく,
属,1,しょく,
属,0,さかん,
属,0,つく,
属,0,やから,
族,1,ぞく,
続,1,ぞく,
続,1,しょく,
続,1,こう,
続,1,きょう,
続,0,つづ,く
続,0,つづ,ける
続,0,つぐ,ない
卒,1,そつ,
卒,1,しゅつ,
卒,0,そっ,する
卒,0,お,える
卒,0,お,わる
卒,0,ついに,
卒,0,にわか,
存,1,そん,
存,1,ぞん,
存,0,ながら,える
存,0,あ,る
存,0,たも,つ
存,0,と,う
孫,1,そん,
孫,0,まご,
尊,1,そん,
尊,0,たっと,い
尊,0,とうと,い
尊,0,たっと,ぶ
尊,0,とうと,ぶ
損,1,そん,
損,0,そこ,なう
損,0,そこな,う
損,0,そこ,なう
損,0,そこ,ねる
損,0,そこ,ねる
村,1,そん,
村,0,むら,
他,1,た,
他,0,ほか,
多,1,た,
多,0,おお,い
多,0,まさ,に
多,0,まさ,る
太,1,たい,
太,1,た,
太,0,ふと,い
太,0,ふと,る
打,1,だ,
打,1,だーす,
打,0,う,つ
打,0,う,ち
打,0,ぶ,つ
体,1,たい,
体,1,てい,
体,0,からだ,
体,0,かたち,
対,1,たい,
対,1,つい,
対,0,あいて,
対,0,こた,える
対,0,そろ,い
対,0,つれあ,い
対,0,なら,ぶ
対,0,むか,う
帯,1,たい,
帯,0,お,びる
帯,0,おび,
待,1,たい,
待,0,ま,つ
待,0,ま,ち
態,1,たい,
態,0,わざ,と
貸,1,たい,
貸,0,か,す
貸,0,か,し
貸,0,かし,
退,1,たい,
退,0,しりぞ,く
退,0,しりぞ,ける
退,0,ひ,く
退,0,の,く
退,0,の,ける
退,0,ど,く
隊,1,たい,
代,1,だい,
代,1,たい,
代,0,か,わる
代,0,かわ,る
代,0,かわ,り
代,0,か,わり
代,0,がわ,り
代,0,が,わり
代,0,か,える
代,0,よ,
代,0,しろ,
台,1,だい,
台,1,たい,
台,0,うてな,
台,0,われ,
台,0,つかさ,
大,1,だい,
大,1,たい,
大,0,おお,
大,0,おお,きい
大,0,おお,いに
第,1,だい,
第,1,てい,
題,1,だい,
宅,1,たく,
達,1,たつ,
達,1,だ,
達,0,たち,
谷,1,こく,
谷,0,たに,
谷,0,きわ,まる
単,1,たん,
単,0,ひとえ,
担,1,たん,
担,0,かつ,ぐ
担,0,にな,う
探,1,たん,
探,0,さぐ,る
探,0,さが,す
炭,1,たん,
炭,0,すみ,
短,1,たん,
短,0,みじか,い
誕,1,たん,
団,1,だん,
団,1,とん,
団,0,かたまり,
団,0,まる,い
断,1,だん,
断,0,た,つ
断,0,ことわ,る
断,0,さだ,める
暖,1,だん,
暖,1,のん,
暖,0,あたた,か
暖,0,あたた,かい
暖,0,あたた,まる
暖,0,あたた,める
段,1,だん,
段,1,たん,
男,1,だん,
男,1,なん,
男,0,おとこ,
男,0,お,
談,1,だん,
値,1,ち,
値,0,ね,
値,0,あたい,
知,1,ち,
知,0,し,る
知,0,し,らせる
地,1,ち,
地,1,じ,
池,1,ち,
池,0,いけ,
置,1,ち,
置,0,お,く
置,0,お,き
築,1,ちく,
築,0,きず,く
竹,1,ちく,
竹,0,たけ,
茶,1,ちゃ,
茶,1,さ,
着,1,ちゃく,
着,1,じゃく,
着,0,き,る
着,0,き,せる
着,0,つ,く
着,0,つ,ける
中,1,ちゅう,
中,0,なか,
中,0,うち,
中,0,あた,る
仲,1,ちゅう,
仲,0,なか,
宙,1,ちゅう,
忠,1,ちゅう,
昼,1,ちゅう,
昼,0,ひる,
柱,1,ちゅう,
柱,0,はしら,
注,1,ちゅう,
注,0,そそ,ぐ
注,0,さ,す
注,0,つ,ぐ
虫,1,ちゅう,
虫,1,き,
虫,0,むし,
著,1,ちょ,
著,1,ちゃく,
著,0,あらわ,す
著,0,いちじる,しい
貯,1,ちょ,
貯,0,た,める
貯,0,たくわ,える
丁,1,ちょう,
丁,1,てい,
丁,1,ちん,
丁,1,とう,
丁,1,ち,
丁,0,ひのと,
兆,1,ちょう,
兆,0,きざ,す
兆,0,きざ,し
帳,1,ちょう,
帳,0,とばり,
庁,1,ちょう,
庁,1,てい,
庁,0,やくしょ,
張,1,ちょう,
張,0,は,る
張,0,は,り
張,0,ば,り
朝,1,ちょう,
朝,0,あさ,
潮,1,ちょう,
潮,0,しお,
潮,0,うしお,
町,1,ちょう,
町,0,まち,
腸,1,ちょう,
腸,0,はらわた,
腸,0,わた,
調,1,ちょう,
調,0,しら,べる
調,0,しら,べ
調,0,ととの,う
調,0,ととの,える
長,1,ちょう,
長,0,なが,い
長,0,おさ,
頂,1,ちょう,
頂,0,いただ,く
頂,0,いただき,
鳥,1,ちょう,
鳥,0,とり,
直,1,ちょく,
直,1,じき,
直,1,じか,
直,0,ただ,ちに
直,0,なお,す
直,0,なお,す
直,0,なお,る
直,0,なお,き
直,0,す,ぐ
賃,1,ちん,
追,1,つい,
追,0,お,う
痛,1,つう,
痛,0,いた,い
痛,0,いた,む
痛,0,いた,ましい
痛,0,いた,める
通,1,つう,
通,1,つ,
通,0,とお,る
通,0,とお,り
通,0,とお,り
通,0,どお,り
通,0,とお,す
通,0,とお,し
通,0,どお,し
通,0,かよ,う
低,1,てい,
低,0,ひく,い
低,0,ひく,める
低,0,ひく,まる
停,1,てい,
停,0,と,める
停,0,と,まる
定,1,てい,
定,1,じょう,
定,0,さだ,める
定,0,さだ,まる
定,0,さだ,か
底,1,てい,
底,0,そこ,
庭,1,てい,
庭,0,にわ,
弟,1,てい,
弟,1,だい,
弟,1,で,
弟,0,おとうと,
提,1,てい,
提,1,ちょう,
提,1,だい,
提,0,さ,げる
程,1,てい,
程,0,ほど,
程,0,ほど,
敵,1,てき,
敵,0,かたき,
敵,0,あだ,
敵,0,かな,う
的,1,てき,
的,0,まと,
笛,1,てき,
笛,0,ふえ,
適,1,てき,
適,0,かな,う
鉄,1,てつ,
鉄,0,くろがね,
典,1,てん,
典,1,でん,
典,0,ふみ,
典,0,のり,
天,1,てん,
天,0,あまつ,
天,0,あめ,
天,0,あま,
展,1,てん,
店,1,てん,
店,0,みせ,
店,0,たな,
転,1,てん,
転,0,ころ,がる
転,0,ころ,げる
転,0,ころ,がす
転,0,ころ,ぶ
転,0,まろ,ぶ
転,0,うたた,
転,0,うつ,る
転,0,くる,めく
点,1,てん,
点,0,つ,ける
点,0,つ,く
点,0,た,てる
点,0,さ,す
点,0,とぼ,す
点,0,とも,す
点,0,ぼち,
伝,1,でん,
伝,1,てん,
伝,0,つた,わる
伝,0,つた,える
伝,0,つた,う
伝,0,つだ,う
伝,0,づた,い
伝,0,つて,
田,1,でん,
田,0,た,
電,1,でん,
徒,1,と,
徒,0,いたずら,
徒,0,あだ,
登,1,とう,
登,1,と,
登,1,どう,
登,1,しょう,
登,1,ちょう,
登,0,のぼ,る
登,0,あ,がる
都,1,と,
都,1,つ,
都,0,みやこ,
努,1,ど,
努,0,つと,める
度,1,ど,
度,1,と,
度,1,たく,
度,0,たび,
度,0,た,い
土,1,ど,
土,1,と,
土,0,つち,
党,1,とう,
党,0,なかま,
党,0,むら,
冬,1,とう,
冬,0,ふゆ,
刀,1,とう,
刀,0,かたな,
刀,0,そり,
島,1,とう,
島,0,しま,
投,1,とう,
投,0,な,げる
投,0,な,げ
東,1,とう,
東,0,ひがし,
湯,1,とう,
湯,0,ゆ,
灯,1,とう,
灯,0,ひ,
灯,0,ほ,
灯,0,ともしび,
灯,0,とも,す
灯,0,あかり,
当,1,とう,
当,0,あ,たる
当,0,あ,たり
当,0,あ,てる
当,0,あ,て
当,0,まさ,に
当,0,まさ,にべし
等,1,とう,
等,0,ひと,しい
等,0,など,
等,0,ら,
答,1,とう,
答,0,こた,える
答,0,こた,え
糖,1,とう,
統,1,とう,
統,0,す,べる
討,1,とう,
討,0,う,つ
豆,1,とう,
豆,1,ず,
豆,0,まめ,
豆,0,まめ,
頭,1,とう,
頭,1,ず,
頭,1,と,
頭,0,あたま,
頭,0,かしら,
頭,0,がしら,
頭,0,かぶり,
働,1,どう,
働,0,はたら,く
動,1,どう,
動,0,うご,く
動,0,うご,かす
同,1,どう,
同,0,おな,じ
堂,1,どう,
導,1,どう,
導,0,みちび,く
童,1,どう,
童,0,わらべ,
道,1,どう,
道,1,とう,
道,0,みち,
道,0,いう,
銅,1,どう,
銅,0,あかがね,
得,1,とく,
得,0,え,る
得,0,う,る
徳,1,とく,
特,1,とく,
毒,1,どく,
独,1,どく,
独,1,とく,
独,0,ひと,り
読,1,どく,
読,1,とく,
読,1,とう,
読,0,よ,む
読,0,よ,み
栃,0,とち,
届,1,かい,
届,0,とど,ける
届,0,とど,け
届,0,とど,く
奈,1,な,
奈,1,ない,
奈,1,だい,
奈,0,いかん,
奈,0,からなし,
内,1,ない,
内,1,だい,
内,0,うち,
縄,1,じょう,
縄,0,なわ,
縄,0,ただ,す
南,1,なん,
南,1,な,
南,0,みなみ,
難,1,なん,
難,0,かた,い
難,0,がた,い
難,0,むずか,しい
難,0,むづか,しい
難,0,むつか,しい
難,0,にく,い
二,1,に,
二,1,じ,
二,0,ふた,
二,0,ふた,つ
二,0,ふたたび,
肉,1,にく,
肉,0,しし,
日,1,にち,
日,1,じつ,
日,0,ひ,
日,0,び,
日,0,か,
乳,1,にゅう,
乳,0,ちち,
乳,0,ち,
入,1,にゅう,
入,1,じゅ,
入,0,い,る
入,0,い,る
入,0,い,り
入,0,い,れる
入,0,い,れ
入,0,はい,る
任,1,にん,
任,0,まか,せる
任,0,まか,す
認,1,にん,
認,0,みと,める
認,0,したた,める
熱,1,ねつ,
熱,0,あつ,い
年,1,ねん,
年,0,とし,
念,1,ねん,
燃,1,ねん,
燃,0,も,える
燃,0,も,やす
燃,0,も,す
納,1,のう,
納,1,なっ,
納,1,な,
納,1,なん,
納,1,とう,
納,0,おさ,める
納,0,おさ,める
納,0,おさ,まる
能,1,のう,
能,0,よ,く
能,0,あた,う
脳,1,のう,
脳,1,どう,
脳,0,のうずる,
農,1,のう,
波,1,は,
波,0,なみ,
派,1,は,
破,1,は,
破,0,やぶ,る
破,0,やぶ,れる
破,0,わ,れる
馬,1,ば,
馬,0,うま,
馬,0,うま,
馬,0,ま,
俳,1,はい,
拝,1,はい,
拝,0,おが,む
拝,0,おろが,む
敗,1,はい,
敗,0,やぶ,れる
背,1,はい,
背,0,せ,
背,0,せい,
背,0,そむ,く
背,0,そむ,ける
肺,1,はい,
配,1,はい,
配,0,くば,る
倍,1,ばい,
梅,1,ばい,
梅,0,うめ,
買,1,ばい,
買,0,か,う
売,1,ばい,
売,0,う,る
売,0,う,れる
博,1,はく,
博,1,ばく,
白,1,はく,
白,1,びゃく,
白,0,しろ,
白,0,しら,
白,0,しろ,い
麦,1,ばく,
麦,0,むぎ,
箱,1,そう,
箱,0,はこ,
畑,0,はた,
畑,0,はたけ,
畑,0,ばたけ,
八,1,はち,
八,1,はつ,
八,0,や,
八,0,や,つ
八,0,やっ,つ
八,0,よう,
発,1,はつ,
発,1,ほつ,
発,0,た,つ
発,0,あば,く
発,0,おこ,る
発,0,つか,わす
発,0,はな,つ
判,1,はん,
判,1,ばん,
判,0,わか,る
半,1,はん,
半,0,なか,ば
反,1,はん,
反,1,ほん,
反,1,たん,
反,1,ほ,
反,0,そ,る
反,0,そ,らす
反,0,かえ,す
反,0,かえ,る
反,0,かえ,る
板,1,はん,
板,1,ばん,
板,0,いた,
版,1,はん,
犯,1,はん,
犯,1,ぼん,
犯,0,おか,す
班,1,はん,
飯,1,はん,
飯,0,めし,
晩,1,ばん,
番,1,ばん,
番,0,つが,い
否,1,ひ,
否,0,いな,
否,0,いや,
悲,1,ひ,
悲,0,かな,しい
悲,0,かな,しむ
批,1,ひ,
比,1,ひ,
比,0,くら,べる
皮,1,ひ,
皮,0,かわ,
秘,1,ひ,
秘,0,ひ,める
秘,0,ひそ,か
秘,0,かく,す
肥,1,ひ,
肥,0,こ,える
肥,0,こえ,
肥,0,こ,やす
肥,0,こ,やし
肥,0,ふと,る
費,1,ひ,
費,0,つい,やす
費,0,つい,える
非,1,ひ,
非,0,あら,ず
飛,1,ひ,
飛,0,と,ぶ
飛,0,と,ばす
飛,0,と,ばす
備,1,び,
備,0,そな,える
備,0,そな,わる
備,0,つぶさ,に
美,1,び,
美,1,み,
美,0,うつく,しい
鼻,1,び,
鼻,0,はな,
必,1,ひつ,
必,0,かなら,ず
筆,1,ひつ,
筆,0,ふで,
媛,1,えん,
媛,0,ひめ,
百,1,ひゃく,
百,1,びゃく,
百,0,もも,
俵,1,ひょう,
俵,0,たわら,
標,1,ひょう,
標,0,しるべ,
標,0,しるし,
氷,1,ひょう,
氷,0,こおり,
氷,0,ひ,
氷,0,こお,る
票,1,ひょう,
表,1,ひょう,
表,0,おもて,
表,0,おもて,
表,0,あらわ,す
表,0,あらわ,れる
表,0,あら,わす
評,1,ひょう,
病,1,びょう,
病,1,へい,
病,0,や,む
病,0,や,み
病,0,やまい,
秒,1,びょう,
品,1,ひん,
品,1,ほん,
品,0,しな,
貧,1,ひん,
貧,1,びん,
貧,0,まず,しい
不,1,ふ,
不,1,ぶ,
付,1,ふ,
付,0,つ,ける
付,0,つ,ける
付,0,づ,ける
付,0,つ,け
付,0,つ,け
付,0,つ,け
付,0,づ,け
付,0,づけ,
付,0,つ,く
付,0,づ,く
付,0,つ,き
付,0,つ,き
付,0,つき,
付,0,づ,き
付,0,づき,
夫,1,ふ,
夫,1,ふう,
夫,1,ぶ,
夫,0,おっと,
夫,0,それ,
婦,1,ふ,
婦,0,よめ,
富,1,ふ,
富,1,ふう,
富,0,と,む
富,0,とみ,
布,1,ふ,
布,1,ほ,
布,0,ぬの,
布,0,し,く
布,0,きれ,
府,1,ふ,
父,1,ふ,
父,0,ちち,
負,1,ふ,
負,0,ま,ける
負,0,ま,かす
負,0,お,う
阜,1,ふ,
阜,1,ふう,
武,1,ぶ,
武,1,む,
武,0,たけ,
武,0,たけ,し
部,1,ぶ,
部,0,べ,
風,1,ふう,
風,1,ふ,
風,0,かぜ,
風,0,かざ,
副,1,ふく,
復,1,ふく,
復,0,また,
服,1,ふく,
福,1,ふく,
腹,1,ふく,
腹,0,はら,
複,1,ふく,
仏,1,ぶつ,
仏,1,ふつ,
仏,0,ほとけ,
物,1,ぶつ,
物,1,もつ,
物,0,もの,
物,0,もの,
分,1,ぶん,
分,1,ふん,
分,1,ぶ,
分,0,わ,ける
分,0,わ,け
分,0,わ,かれる
分,0,わ,かる
分,0,わ,かつ
奮,1,ふん,
奮,0,ふる,う
粉,1,ふん,
粉,0,こ,
粉,0,こな,
文,1,ぶん,
文,1,もん,
文,0,ふみ,
文,0,あや,
聞,1,ぶん,
聞,1,もん,
聞,0,き,く
聞,0,き,こえる
兵,1,へい,
兵,1,ひょう,
兵,0,つわもの,
平,1,へい,
平,1,びょう,
平,1,ひょう,
平,0,たい,ら
平,0,たい,らげる
平,0,ひら,
並,1,へい,
並,1,ほう,
並,0,な,み
並,0,なみ,
並,0,なら,べる
並,0,なら,ぶ
並,0,なら,びに
閉,1,へい,
閉,0,と,じる
閉,0,と,ざす
閉,0,し,める
閉,0,し,まる
閉,0,た,てる
陛,1,へい,
米,1,べい,
米,1,まい,
米,1,めえとる,
米,0,こめ,
米,0,よね,
別,1,べつ,
別,0,わか,れる
別,0,わ,ける
変,1,へん,
変,0,か,わる
変,0,か,わり
変,0,か,える
片,1,へん,
片,0,かた,
片,0,かた,
編,1,へん,
編,0,あ,む
編,0,あ,み
辺,1,へん,
辺,0,あた,り
辺,0,ほと,り
辺,0,べ,
返,1,へん,
返,0,かえ,す
返,0,かえ,す
返,0,かえ,る
返,0,かえ,る
便,1,べん,
便,1,びん,
便,0,たよ,り
勉,1,べん,
勉,0,つと,める
弁,1,べん,
弁,1,へん,
弁,0,かんむり,
弁,0,わきま,える
弁,0,わ,ける
弁,0,はなびら,
弁,0,あらそ,う
保,1,ほ,
保,1,ほう,
保,0,たも,つ
歩,1,ほ,
歩,1,ぶ,
歩,1,ふ,
歩,0,ある,く
歩,0,あゆ,む
補,1,ほ,
補,0,おぎな,う
墓,1,ぼ,
墓,0,はか,
暮,1,ぼ,
暮,0,く,れる
暮,0,く,らす
母,1,ぼ,
母,0,はは,
母,0,も,
包,1,ほう,
包,0,つつ,む
包,0,くる,む
報,1,ほう,
報,0,むく,いる
宝,1,ほう,
宝,0,たから,
放,1,ほう,
放,0,はな,す
放,0,っぱな,し
放,0,はな,つ
放,0,はな,れる
放,0,こ,く
放,0,ほう,る
方,1,ほう,
方,0,かた,
方,0,かた,
方,0,がた,
法,1,ほう,
法,1,はっ,
法,1,ほっ,
法,1,ふらん,
法,0,のり,
訪,1,ほう,
訪,0,おとず,れる
訪,0,たず,ねる
訪,0,と,う
豊,1,ほう,
豊,1,ぶ,
豊,0,ゆた,か
豊,0,とよ,
亡,1,ぼう,
亡,1,もう,
亡,0,な,い
亡,0,な,き
亡,0,ほろ,びる
亡,0,ほろ,ぶ
亡,0,ほろ,ぼす
忘,1,ぼう,
忘,0,わす,れる
暴,1,ぼう,
暴,1,ばく,
暴,0,あば,く
暴,0,あば,れる
望,1,ぼう,
望,1,もう,
望,0,のぞ,む
望,0,もち,
棒,1,ぼう,
貿,1,ぼう,
防,1,ぼう,
防,0,ふせ,ぐ
北,1,ほく,
北,0,きた,
牧,1,ぼく,
牧,0,まき,
本,1,ほん,
本,0,もと,
妹,1,まい,
妹,0,いもうと,
枚,1,まい,
枚,1,ばい,
毎,1,まい,
毎,0,ごと,
毎,0,ごと,に
幕,1,まく,
幕,1,ばく,
幕,0,とばり,
末,1,まつ,
末,1,ばつ,
末,0,すえ,
末,0,うら,
末,0,うれ,
万,1,まん,
万,1,ばん,
万,0,よろず,
満,1,まん,
満,1,ばん,
満,0,み,ちる
満,0,み,つ
満,0,み,たす
味,1,み,
味,0,あじ,
味,0,あじ,わう
未,1,み,
未,1,び,
未,0,いま,だ
未,0,ま,だ
未,0,ひつじ,
密,1,みつ,
密,0,ひそ,か
脈,1,みゃく,
脈,0,すじ,
民,1,みん,
民,0,たみ,
務,1,む,
務,0,つと,める
夢,1,む,
夢,1,ぼう,
夢,0,ゆめ,
夢,0,ゆめ,みる
夢,0,くら,い
無,1,む,
無,1,ぶ,
無,0,な,い
名,1,めい,
名,1,みょう,
名,0,な,
名,0,な,
命,1,めい,
命,1,みょう,
命,0,いのち,
明,1,めい,
明,1,みょう,
明,1,みん,
明,0,あ,かり
明,0,あか,るい
明,0,あか,るむ
明,0,あか,らむ
明,0,あき,らか
明,0,あ,ける
明,0,あ,け
明,0,あ,く
明,0,あ,くる
明,0,あ,かす
盟,1,めい,
迷,1,めい,
迷,0,まよ,う
鳴,1,めい,
鳴,0,な,く
鳴,0,な,る
鳴,0,な,らす
綿,1,めん,
綿,0,わた,
面,1,めん,
面,1,べん,
面,0,おも,
面,0,おもて,
面,0,つら,
模,1,も,
模,1,ぼ,
毛,1,もう,
毛,0,け,
木,1,ぼく,
木,1,もく,
木,0,き,
木,0,こ,
目,1,もく,
目,1,ぼく,
目,0,め,
目,0,め,
目,0,ま,
問,1,もん,
問,0,と,う
問,0,と,い
問,0,とん,
門,1,もん,
門,0,かど,
門,0,と,
夜,1,や,
夜,0,よ,
夜,0,よる,
野,1,や,
野,1,しょ,
野,0,の,
野,0,の,
矢,1,し,
矢,0,や,
役,1,やく,
役,1,えき,
約,1,やく,
約,0,つづ,まる
約,0,つづ,める
約,0,つづま,やか
薬,1,やく,
薬,0,くすり,
訳,1,やく,
訳,0,わけ,
油,1,ゆ,
油,1,ゆう,
油,0,あぶら,
輸,1,ゆ,
輸,1,しゅ,
優,1,ゆう,
優,1,う,
優,0,やさ,しい
優,0,すぐ,れる
優,0,まさ,る
勇,1,ゆう,
勇,0,いさ,む
友,1,ゆう,
友,0,とも,
有,1,ゆう,
有,1,う,
有,0,あ,る
由,1,ゆ,
由,1,ゆう,
由,1,ゆい,
由,0,よし,
由,0,よ,る
遊,1,ゆう,
遊,1,ゆ,
遊,0,あそ,ぶ
遊,0,あそ,ばす
郵,1,ゆう,
夕,1,せき,
夕,0,ゆう,
予,1,よ,
予,1,しゃ,
予,0,あらかじ,め
余,1,よ,
余,0,あま,る
余,0,あま,り
余,0,あま,す
余,0,あんま,り
預,1,よ,
預,0,あず,ける
預,0,あず,かる
幼,1,よう,
幼,0,おさな,い
容,1,よう,
容,0,い,れる
曜,1,よう,
様,1,よう,
様,1,しょう,
様,0,さま,
様,0,さん,
洋,1,よう,
用,1,よう,
用,0,もち,いる
羊,1,よう,
羊,0,ひつじ,
葉,1,よう,
葉,0,は,
要,1,よう,
要,0,い,る
要,0,かなめ,
陽,1,よう,
陽,0,ひ,
養,1,よう,
養,1,りょう,
養,0,やしな,う
欲,1,よく,
欲,0,ほっ,する
欲,0,ほ,しい
浴,1,よく,
浴,0,あ,びる
浴,0,あ,びせる
翌,1,よく,
来,1,らい,
来,1,たい,
来,0,く,る
来,0,きた,る
来,0,きた,す
来,0,き,たす
来,0,き,たる
来,0,き,
来,0,こ,
落,1,らく,
落,0,お,ちる
落,0,お,ち
落,0,お,とす
乱,1,らん,
乱,1,ろん,
乱,0,みだ,れる
乱,0,みだ,る
乱,0,みだ,す
乱,0,みだ,
乱,0,おさ,める
乱,0,わた,る
卵,1,らん,
卵,0,たまご,
覧,1,らん,
覧,0,み,る
利,1,り,
利,0,き,く
梨,1,り,
梨,0,なし,
理,1,り,
理,0,ことわり,
裏,1,り,
裏,0,うら,
里,1,り,
里,0,さと,
陸,1,りく,
陸,1,ろく,
陸,0,おか,
律,1,りつ,
律,1,りち,
律,1,れつ,
率,1,そつ,
率,1,りつ,
率,1,しゅつ,
率,0,ひき,いる
立,1,りつ,
立,1,りゅう,
立,1,りっとる,
立,0,た,つ
立,0,た,つ
立,0,た,ち
立,0,た,てる
立,0,た,てる
立,0,た,て
立,0,たて,
立,0,た,て
立,0,だ,て
立,0,だ,てる
略,1,りゃく,
略,0,ほぼ,
略,0,はぶ,く
略,0,おか,す
略,0,おさ,める
略,0,はかりごと,
略,0,はか,る
流,1,りゅう,
流,1,る,
流,0,なが,れる
流,0,なが,れ
流,0,なが,す
流,0,なが,す
留,1,りゅう,
留,1,る,
留,0,と,める
留,0,と,まる
留,0,とど,める
留,0,とど,まる
留,0,るうぶる,
旅,1,りょ,
旅,0,たび,
両,1,りょう,
両,0,てる,
両,0,ふたつ,
料,1,りょう,
良,1,りょう,
良,0,よ,い
良,0,よ,い
良,0,い,い
良,0,い,い
量,1,りょう,
量,0,はか,る
領,1,りょう,
領,0,えり,
力,1,りょく,
力,1,りき,
力,1,りい,
力,0,ちから,
緑,1,りょく,
緑,1,ろく,
緑,0,みどり,
林,1,りん,
林,0,はやし,
臨,1,りん,
臨,0,のぞ,む
輪,1,りん,
輪,0,わ,
類,1,るい,
類,0,たぐ,い
令,1,れい,
例,1,れい,
例,0,たと,える
冷,1,れい,
冷,0,つめ,たい
冷,0,ひ,える
冷,0,ひ,や
冷,0,ひ,ややか
冷,0,ひ,やす
冷,0,ひ,やかす
冷,0,さ,める
冷,0,さ,ます
礼,1,れい,
礼,1,らい,
歴,1,れき,
歴,1,れっき,
列,1,れつ,
列,1,れ,
練,1,れん,
練,0,ね,る
練,0,ね,り
連,1,れん,
連,0,つら,なる
連,0,つら,ねる
連,0,つ,れる
連,0,づ,れ
路,1,ろ,
路,1,る,
路,0,じ,
路,0,みち,
労,1,ろう,
労,0,ろう,する
労,0,いたわ,る
労,0,いた,ずき
労,0,ねぎら,
労,0,つか,れる
労,0,ねぎら,う
朗,1,ろう,
朗,0,ほが,らか
朗,0,あき,らか
老,1,ろう,
老,0,お,いる
老,0,ふ,ける
六,1,ろく,
六,1,りく,
六,0,む,
六,0,む,つ
六,0,むっ,つ
六,0,むい,
録,1,ろく,
録,0,しる,す
録,0,と,る
論,1,ろん,
論,0,あげつら,う
和,1,わ,
和,1,お,
和,1,か,
和,0,やわ,らぐ
和,0,やわ,らげる
和,0,なご,む
和,0,なご,やか
和,0,あ,える
話,1,わ,
話,0,はな,す
話,0,はなし,